trip_id,waktu,latitude,longitude,kecepatan_kmh,jarak_km
1,"2025-03-03 05:22:00",-6.121775,106.893649,32,0.26671
1,"2025-03-03 05:22:30",-6.119009,106.893461,37,0.30825
1,"2025-03-03 05:23:00",-6.117017,106.89303,34.6,0.28819
1,"2025-03-03 05:23:30",-6.119548,106.893137,33.8,0.28166
1,"2025-03-03 05:24:00",-6.122566,106.893265,40.3,0.33591
1,"2025-03-03 05:24:30",-6.125543,106.89339,39.8,0.3314
1,"2025-03-03 05:25:00",-6.128557,106.893518,40.2,0.33539
1,"2025-03-03 05:25:30",-6.13121,106.892568,40.9,0.34067
1,"2025-03-03 05:26:00",-6.130277,106.890266,33.5,0.27943
1,"2025-03-03 05:26:30",-6.128789,106.887951,36.6,0.30478
1,"2025-03-03 05:27:00",-6.127566,106.885894,31.9,0.26575
1,"2025-03-03 05:27:30",-6.126377,106.882831,43.6,0.3636
1,"2025-03-03 05:28:00",-6.125872,106.880305,34.2,0.28496
1,"2025-03-03 05:28:30",-6.125331,106.877599,36.6,0.30507
1,"2025-03-03 05:29:00",-6.124741,106.874649,39.9,0.33277
1,"2025-03-03 05:29:30",-6.124085,106.871371,44.4,0.36967
1,"2025-03-03 05:30:00",-6.123605,106.868969,32.5,0.27086
1,"2025-03-03 05:30:30",-6.123013,106.866007,40.1,0.334
1,"2025-03-03 05:31:00",-6.122536,106.863622,32.3,0.26898
1,"2025-03-03 05:31:30",-6.122226,106.860363,44.2,0.3682
1,"2025-03-03 05:32:00",-6.123003,106.857932,34,0.28354
1,"2025-03-03 05:32:30",-6.12397,106.855768,31.5,0.26224
1,"2025-03-03 05:33:00",-6.125278,106.852842,42.6,0.3547
1,"2025-03-03 05:33:30",-6.12619,106.850003,39.6,0.33022
1,"2025-03-03 05:34:00",-6.126722,106.84764,32.2,0.26796
1,"2025-03-03 05:34:30",-6.127358,106.844757,39.2,0.32652
1,"2025-03-03 05:35:00",-6.128096,106.841884,39.4,0.32822
1,"2025-03-03 05:35:30",-6.128906,106.838781,42.6,0.35505
1,"2025-03-03 05:36:00",-6.129349,106.836314,33.3,0.27713
1,"2025-03-03 05:36:30",-6.129832,106.833622,36.3,0.3024
1,"2025-03-03 05:37:00",-6.130216,106.830655,39.7,0.33124
1,"2025-03-03 05:37:30",-6.130448,106.827821,37.7,0.31439
1,"2025-03-03 05:38:00",-6.131013,106.824544,44.1,0.36777
1,"2025-03-03 05:38:30",-6.131514,106.821633,39.2,0.32656
1,"2025-03-03 05:39:00",-6.131447,106.818451,43.3,0.36086
1,"2025-03-03 05:39:30",-6.13005,106.816038,37.1,0.30907
1,"2025-03-03 05:40:00",-6.129584,106.813655,32.8,0.27344
1,"2025-03-03 05:40:30",-6.130053,106.811193,33.4,0.27824
1,"2025-03-03 05:41:00",-6.130724,106.808525,36.5,0.30428
1,"2025-03-03 05:41:30",-6.131388,106.805891,36,0.30038
1,"2025-03-03 05:42:00",-6.131881,106.802894,40.3,0.33586
1,"2025-03-03 05:42:30",-6.132076,106.799926,39.5,0.32932
1,"2025-03-03 05:43:00",-6.132171,106.797563,31.4,0.26145
1,"2025-03-03 05:43:30",-6.132269,106.79513,32.3,0.26916
1,"2025-03-03 05:44:00",-6.132367,106.792688,32.4,0.27025
1,"2025-03-03 05:44:30",-6.132102,106.790176,33.6,0.27999
1,"2025-03-03 05:45:00",-6.131753,106.787708,33.1,0.27562
1,"2025-03-03 05:45:30",-6.131263,106.78458,42.1,0.35073
1,"2025-03-03 05:46:00",-6.130207,106.781953,37.6,0.31325
1,"2025-03-03 05:46:30",-6.128708,106.77999,32.9,0.27426
1,"2025-03-03 05:47:00",-6.126306,106.777714,44,0.36699
1,"2025-03-03 05:47:30",-6.124095,106.776295,35.1,0.29253
1,"2025-03-03 05:48:00",-6.121924,106.774405,39.6,0.3296
1,"2025-03-03 05:48:30",-6.121574,106.771797,35.5,0.29623
1,"2025-03-03 05:49:00",-6.121621,106.768618,42.4,0.353
1,"2025-03-03 05:49:30",-6.121998,106.766284,31.4,0.26152
1,"2025-03-03 05:50:00",-6.122244,106.763427,38.1,0.31709
1,"2025-03-03 05:50:30",-6.122505,106.760394,40.4,0.33656
1,"2025-03-03 05:51:00",-6.122579,106.75748,38.7,0.32291
1,"2025-03-03 05:51:30",-6.122476,106.754658,37.5,0.31226
1,"2025-03-03 05:52:00",-6.122367,106.751691,39.4,0.32818
1,"2025-03-03 05:52:30",-6.122251,106.748537,41.9,0.349
1,"2025-03-03 05:53:00",-6.122157,106.745997,33.7,0.281
1,"2025-03-03 05:53:30",-6.121445,106.743438,35.8,0.29838
1,"2025-03-03 05:54:00",-6.120445,106.741079,34,0.28349
1,"2025-03-03 05:54:30",-6.119492,106.73883,32.4,0.27035
1,"2025-03-03 05:55:00",-6.118298,106.736671,33.1,0.27595
1,"2025-03-03 05:55:30",-6.116502,106.734828,34.3,0.2861
1,"2025-03-03 05:56:00",-6.116701,106.732823,36.8,0.30681
1,"2025-03-03 05:56:30",-6.11951,106.73237,39,0.32525
1,"2025-03-03 05:57:00",-6.122064,106.730999,38.6,0.32189
1,"2025-03-03 05:57:30",-6.124546,106.729951,36,0.30014
1,"2025-03-03 05:58:00",-6.127734,106.729749,42.7,0.35604
1,"2025-03-03 05:58:30",-6.130379,106.729856,35.3,0.29433
1,"2025-03-03 05:59:00",-6.133316,106.729933,39.2,0.32684
1,"2025-03-03 05:59:30",-6.136097,106.729811,37.1,0.30951
1,"2025-03-03 06:00:00",-6.138327,106.729713,29.8,0.24822
1,"2025-03-03 06:00:30",-6.140687,106.729387,31.9,0.26576
1,"2025-03-03 06:01:00",-6.142375,106.729032,23,0.19172
1,"2025-03-03 06:01:30",-6.144492,106.728586,28.9,0.24051
1,"2025-03-03 06:02:00",-6.146242,106.728218,23.9,0.19878
1,"2025-03-03 06:02:30",-6.148416,106.72776,29.6,0.24702
1,"2025-03-03 06:03:00",-6.150604,106.7273,29.8,0.24857
1,"2025-03-03 06:03:30",-6.152593,106.72728,26.6,0.22143
1,"2025-03-03 06:04:00",-6.154379,106.727286,23.8,0.19858
1,"2025-03-03 06:04:30",-6.156441,106.72713,27.6,0.23022
1,"2025-03-03 06:05:00",-6.158346,106.726951,25.5,0.2129
1,"2025-03-03 06:05:30",-6.16013,106.726996,23.8,0.19843
1,"2025-03-03 06:06:00",-6.162197,106.727047,27.6,0.22982
1,"2025-03-03 06:06:30",-6.16415,106.727095,26.1,0.21729
1,"2025-03-03 06:07:00",-6.166243,106.727165,28,0.23293
1,"2025-03-03 06:07:30",-6.168641,106.727389,32.1,0.26772
1,"2025-03-03 06:08:00",-6.170979,106.727606,31.3,0.26117
1,"2025-03-03 06:08:30",-6.172792,106.727775,24.3,0.20246
1,"2025-03-03 06:09:00",-6.175002,106.727981,29.6,0.24677
1,"2025-03-03 06:09:30",-6.177043,106.728171,27.4,0.22792
1,"2025-03-03 06:10:00",-6.178958,106.728422,25.8,0.2151
1,"2025-03-03 06:10:30",-6.180889,106.728885,26.5,0.22075
1,"2025-03-03 06:11:00",-6.18298,106.729387,28.7,0.23909
1,"2025-03-03 06:11:30",-6.184711,106.729802,23.7,0.19781
1,"2025-03-03 06:12:00",-6.18656,106.730136,25.1,0.2092
1,"2025-03-03 06:12:30",-6.188504,106.730406,26.2,0.21816
1,"2025-03-03 06:13:00",-6.190036,106.729678,23.3,0.19448
1,"2025-03-03 06:13:30",-6.190835,106.727706,29.6,0.24651
1,"2025-03-03 06:14:00",-6.190552,106.725436,30.3,0.25284
1,"2025-03-03 06:14:30",-6.190661,106.723522,25.5,0.21253
1,"2025-03-03 06:15:00",-6.191208,106.721346,29.8,0.24867
1,"2025-03-03 06:15:30",-6.192126,106.719195,31.1,0.25948
1,"2025-03-03 06:16:00",-6.193228,106.717255,29.8,0.24834
1,"2025-03-03 06:16:30",-6.194597,106.715495,29.6,0.24702
1,"2025-03-03 06:17:00",-6.1957,106.714077,23.9,0.19898
1,"2025-03-03 06:17:30",-6.197153,106.71221,31.5,0.2621
1,"2025-03-03 06:18:00",-6.198329,106.710699,25.5,0.21215
1,"2025-03-03 06:18:30",-6.199523,106.709165,25.8,0.21539
1,"2025-03-03 06:19:00",-6.200586,106.707798,23,0.19186
1,"2025-03-03 06:19:30",-6.201837,106.70619,27.1,0.22571
1,"2025-03-03 06:20:00",-6.20301,106.704684,25.4,0.21148
1,"2025-03-03 06:20:30",-6.204315,106.703006,28.3,0.23547
1,"2025-03-03 06:21:00",-6.205464,106.701529,24.9,0.20731
1,"2025-03-03 06:21:30",-6.206779,106.69984,28.5,0.23721
1,"2025-03-03 06:22:00",-6.207677,106.698685,30.2,0.25128
2,"2025-03-03 09:44:00",-6.206642,106.700015,22.4,0.18668
2,"2025-03-03 09:44:30",-6.205545,106.701425,23.8,0.19797
2,"2025-03-03 09:45:00",-6.204482,106.702792,23,0.19186
2,"2025-03-03 09:45:30",-6.203648,106.703863,18,0.1504
2,"2025-03-03 09:46:00",-6.202579,106.705237,23.1,0.19286
2,"2025-03-03 09:46:30",-6.201432,106.706711,24.8,0.20687
2,"2025-03-03 09:47:00",-6.200335,106.708121,23.7,0.1979
2,"2025-03-03 09:47:30",-6.199214,106.709562,24.3,0.20235
2,"2025-03-03 09:48:00",-6.198369,106.710648,18.3,0.15239
2,"2025-03-03 09:48:30",-6.197442,106.711839,20.1,0.16726
2,"2025-03-03 09:49:00",-6.196333,106.713265,24,0.20011
2,"2025-03-03 09:49:30",-6.195247,106.71466,23.5,0.19592
2,"2025-03-03 09:50:00",-6.194196,106.716011,22.7,0.18958
2,"2025-03-03 09:50:30",-6.193197,106.717295,21.6,0.18024
2,"2025-03-03 09:51:00",-6.192279,106.718874,24.4,0.20327
2,"2025-03-03 09:51:30",-6.191486,106.720533,24.4,0.20356
2,"2025-03-03 09:52:00",-6.191017,106.722023,20.8,0.17308
2,"2025-03-03 09:52:30",-6.190639,106.723786,24,0.2003
2,"2025-03-03 09:53:00",-6.190524,106.725206,18.9,0.15745
2,"2025-03-03 09:53:30",-6.190753,106.727044,24.6,0.20484
2,"2025-03-03 09:54:00",-6.190653,106.728486,19.6,0.16315
2,"2025-03-03 09:54:30",-6.190042,106.729675,18.8,0.15627
2,"2025-03-03 09:55:00",-6.188396,106.730391,24.9,0.20739
2,"2025-03-03 09:55:30",-6.186945,106.730189,19.5,0.16282
2,"2025-03-03 09:56:00",-6.185159,106.72991,24.1,0.20117
2,"2025-03-03 09:56:30",-6.1834,106.729488,24.1,0.20108
2,"2025-03-03 09:57:00",-6.181583,106.729052,24.9,0.20768
2,"2025-03-03 09:57:30",-6.180219,106.728725,18.7,0.15591
2,"2025-03-03 09:58:00",-6.178853,106.728397,18.7,0.15621
2,"2025-03-03 09:58:30",-6.177485,106.728212,18.5,0.15384
2,"2025-03-03 09:59:00",-6.175615,106.728038,25.1,0.20877
2,"2025-03-03 09:59:30",-6.174103,106.727897,20.3,0.16889
2,"2025-03-03 10:00:00",-6.172282,106.727728,24.4,0.20333
2,"2025-03-03 10:00:30",-6.170386,106.727551,25.4,0.2117
2,"2025-03-03 10:01:00",-6.16793,106.727322,32.9,0.27424
2,"2025-03-03 10:01:30",-6.166025,106.727145,25.5,0.21271
2,"2025-03-03 10:02:00",-6.163756,106.727085,30.3,0.25249
2,"2025-03-03 10:02:30",-6.161424,106.727028,31.1,0.25936
2,"2025-03-03 10:03:00",-6.159154,106.726971,30.3,0.25252
2,"2025-03-03 10:03:30",-6.156802,106.727093,31.5,0.26238
2,"2025-03-03 10:04:00",-6.154483,106.727286,31.1,0.25895
2,"2025-03-03 10:04:30",-6.151941,106.727277,33.9,0.28261
2,"2025-03-03 10:05:00",-6.150014,106.727424,25.9,0.216
2,"2025-03-03 10:05:30",-6.147696,106.727912,31.6,0.26339
2,"2025-03-03 10:06:00",-6.145237,106.72843,33.5,0.27936
2,"2025-03-03 10:06:30",-6.143118,106.728875,28.9,0.24065
2,"2025-03-03 10:07:00",-6.140772,106.729369,32,0.26656
2,"2025-03-03 10:07:30",-6.138885,106.729689,25.6,0.21329
2,"2025-03-03 10:08:00",-6.136638,106.729787,30,0.2501
2,"2025-03-03 10:08:30",-6.134115,106.729898,33.7,0.28079
2,"2025-03-03 10:09:00",-6.132171,106.729929,26,0.2164
2,"2025-03-03 10:09:30",-6.130054,106.729843,28.3,0.23554
2,"2025-03-03 10:10:00",-6.127915,106.729757,28.6,0.23801
2,"2025-03-03 10:10:30",-6.125413,106.729858,33.5,0.27891
2,"2025-03-03 10:11:00",-6.123009,106.730492,33.4,0.2783
2,"2025-03-03 10:11:30",-6.121306,106.731406,25.8,0.21473
2,"2025-03-03 10:12:00",-6.119488,106.732382,27.5,0.22908
2,"2025-03-03 10:12:30",-6.117195,106.732655,31.7,0.26443
2,"2025-03-03 10:13:00",-6.115871,106.734271,32.6,0.27143
2,"2025-03-03 10:13:30",-6.117737,106.736005,34,0.28297
2,"2025-03-03 10:14:00",-6.118974,106.737609,27.1,0.22575
2,"2025-03-03 10:14:30",-6.11973,106.739392,25.7,0.21424
2,"2025-03-03 10:15:00",-6.120577,106.74139,28.8,0.2402
2,"2025-03-03 10:15:30",-6.121515,106.743603,31.9,0.26598
2,"2025-03-03 10:16:00",-6.122137,106.745438,26,0.21669
2,"2025-03-03 10:16:30",-6.122208,106.747387,25.9,0.21557
2,"2025-03-03 10:17:00",-6.122299,106.749841,32.6,0.27149
2,"2025-03-03 10:17:30",-6.122385,106.752201,31.3,0.26117
2,"2025-03-03 10:18:00",-6.122467,106.754428,29.6,0.24637
2,"2025-03-03 10:18:30",-6.12254,106.756408,26.3,0.21901
2,"2025-03-03 10:19:00",-6.122629,106.758951,33.8,0.28141
2,"2025-03-03 10:19:30",-6.122465,106.760859,25.4,0.21176
2,"2025-03-03 10:20:00",-6.122272,106.763103,29.9,0.24904
2,"2025-03-03 10:20:30",-6.12209,106.765218,28.2,0.23464
2,"2025-03-03 10:21:00",-6.121896,106.767052,24.5,0.20403
2,"2025-03-03 10:21:30",-6.121514,106.769227,29.3,0.24421
2,"2025-03-03 10:22:00",-6.121556,106.771331,28,0.23311
2,"2025-03-03 10:22:30",-6.121644,106.77363,30.5,0.25436
2,"2025-03-03 10:23:00",-6.122853,106.775555,31.5,0.26248
2,"2025-03-03 10:23:30",-6.124906,106.776779,31.8,0.26535
2,"2025-03-03 10:24:00",-6.126644,106.778035,28.7,0.23937
2,"2025-03-03 10:24:30",-6.128435,106.779731,32.8,0.2736
2,"2025-03-03 10:25:00",-6.129919,106.781526,31,0.25856
2,"2025-03-03 10:25:30",-6.13083,106.783503,29.1,0.24227
2,"2025-03-03 10:26:00",-6.131429,106.785416,26.8,0.22319
2,"2025-03-03 10:26:30",-6.131771,106.787835,32.4,0.27012
2,"2025-03-03 10:27:00",-6.13207,106.789949,28.3,0.23607
2,"2025-03-03 10:27:30",-6.132384,106.792262,31,0.25823
2,"2025-03-03 10:28:00",-6.132282,106.794805,33.8,0.28143
2,"2025-03-03 10:28:30",-6.132193,106.797029,29.5,0.24604
2,"2025-03-03 10:29:00",-6.13211,106.799092,27.4,0.22833
2,"2025-03-03 10:29:30",-6.132034,106.800974,25,0.20815
2,"2025-03-03 10:30:00",-6.131861,106.803019,27.3,0.22728
2,"2025-03-03 10:30:30",-6.131542,106.805014,26.8,0.22342
2,"2025-03-03 10:31:00",-6.131151,106.80683,24.7,0.2056
2,"2025-03-03 10:31:30",-6.130596,106.809036,30.2,0.25168
2,"2025-03-03 10:32:00",-6.130095,106.811024,27.2,0.22665
2,"2025-03-03 10:32:30",-6.12961,106.813253,30.4,0.253
2,"2025-03-03 10:33:00",-6.129773,106.815292,27.5,0.2291
2,"2025-03-03 10:33:30",-6.130623,106.817001,25.6,0.21292
2,"2025-03-03 10:34:00",-6.131586,106.818942,29,0.24145
2,"2025-03-03 10:34:30",-6.131562,106.821353,32.8,0.27293
2,"2025-03-03 10:35:00",-6.131173,106.823613,30.4,0.25356
2,"2025-03-03 10:35:30",-6.130837,106.825565,26.3,0.21908
2,"2025-03-03 10:36:00",-6.130461,106.827748,29.4,0.24497
2,"2025-03-03 10:36:30",-6.130286,106.829767,26.9,0.22409
2,"2025-03-03 10:37:00",-6.130118,106.83189,28.3,0.23551
2,"2025-03-03 10:37:30",-6.129742,106.834121,30,0.25024
2,"2025-03-03 10:38:00",-6.12933,106.836421,31,0.25834
2,"2025-03-03 10:38:30",-6.128996,106.838282,25.1,0.20914
2,"2025-03-03 10:39:00",-6.128479,106.840561,31.1,0.25881
2,"2025-03-03 10:39:30",-6.12786,106.842697,29.5,0.24596
2,"2025-03-03 10:40:00",-6.12727,106.845154,33.5,0.2795
2,"2025-03-03 10:40:30",-6.126773,106.847405,30.6,0.25494
2,"2025-03-03 10:41:00",-6.126253,106.849762,32,0.26693
2,"2025-03-03 10:41:30",-6.125639,106.851841,28.8,0.23982
2,"2025-03-03 10:42:00",-6.124923,106.853635,25.7,0.21417
2,"2025-03-03 10:42:30",-6.123908,106.855906,33,0.27527
2,"2025-03-03 10:43:00",-6.122975,106.857995,30.4,0.25319
2,"2025-03-03 10:43:30",-6.122223,106.860377,33.3,0.27751
2,"2025-03-03 10:44:00",-6.122384,106.862861,33.7,0.2807
2,"2025-03-03 10:44:30",-6.122832,106.865103,30.3,0.25284
2,"2025-03-03 10:45:00",-6.123198,106.86693,24.7,0.20608
2,"2025-03-03 10:45:30",-6.123657,106.869226,31.1,0.25894
2,"2025-03-03 10:46:00",-6.124116,106.871521,31.1,0.25886
2,"2025-03-03 10:46:30",-6.124506,106.873477,26.5,0.22053
2,"2025-03-03 10:47:00",-6.124981,106.87585,32.1,0.2676
2,"2025-03-03 10:47:30",-6.125459,106.878239,32.3,0.26945
2,"2025-03-03 10:48:00",-6.125926,106.880576,31.6,0.26355
2,"2025-03-03 10:48:30",-6.126378,106.882836,30.6,0.25482
2,"2025-03-03 10:49:00",-6.127074,106.884637,25.6,0.2137
2,"2025-03-03 10:49:30",-6.128055,106.886809,31.8,0.26478
2,"2025-03-03 10:50:00",-6.129366,106.888849,32.2,0.2686
2,"2025-03-03 10:50:30",-6.130692,106.890911,32.6,0.27148
2,"2025-03-03 10:51:00",-6.131074,106.892834,27.9,0.23272
2,"2025-03-03 10:51:30",-6.129184,106.893544,27.9,0.23269
2,"2025-03-03 10:52:00",-6.127157,106.893459,27.1,0.22561
2,"2025-03-03 10:52:30",-6.124632,106.893352,33.7,0.28098
2,"2025-03-03 10:53:00",-6.122659,106.893269,26.3,0.21953
2,"2025-03-03 10:53:30",-6.120393,106.893173,30.3,0.25227
2,"2025-03-03 10:54:00",-6.11809,106.893076,30.8,0.25631
2,"2025-03-03 10:54:30",-6.117408,106.893352,27.5,0.22917
2,"2025-03-03 10:55:00",-6.119835,106.893517,32.5,0.27052
2,"2025-03-03 10:55:30",-6.122408,106.893692,34.4,0.28679
2,"2025-03-03 10:56:00",-6.122917,106.893887,29.6,0.24677
3,"2025-03-03 14:55:00",-6.206448,106.700264,26.6,0.22171
3,"2025-03-03 14:55:30",-6.205238,106.70182,26.2,0.21837
3,"2025-03-03 14:56:00",-6.203996,106.703416,26.9,0.22411
3,"2025-03-03 14:56:30",-6.202719,106.705057,27.6,0.23029
3,"2025-03-03 14:57:00",-6.201472,106.70666,27,0.22497
3,"2025-03-03 14:57:30",-6.200084,106.708443,30,0.25042
3,"2025-03-03 14:58:00",-6.198682,106.710245,30.3,0.25286
3,"2025-03-03 14:58:30",-6.197495,106.711771,25.7,0.21428
3,"2025-03-03 14:59:00",-6.196158,106.71349,28.9,0.24124
3,"2025-03-03 14:59:30",-6.194919,106.715081,26.8,0.2234
3,"2025-03-03 15:00:00",-6.193778,106.716548,24.7,0.20589
3,"2025-03-03 15:00:30",-6.192607,106.718188,26.9,0.22402
3,"2025-03-03 15:01:00",-6.191936,106.719591,20.7,0.1721
3,"2025-03-03 15:01:30",-6.191195,106.721394,26,0.2164
3,"2025-03-03 15:02:00",-6.190678,106.723319,26.5,0.22073
3,"2025-03-03 15:02:30",-6.190554,106.724806,19.8,0.16495
3,"2025-03-03 15:03:00",-6.19071,106.726698,25.3,0.21056
3,"2025-03-03 15:03:30",-6.19068,106.728395,22.9,0.19119
3,"2025-03-03 15:04:00",-6.190043,106.729674,20,0.16675
3,"2025-03-03 15:04:30",-6.188279,106.730374,26.5,0.2206
3,"2025-03-03 15:05:00",-6.186624,106.730145,22.3,0.18577
3,"2025-03-03 15:05:30",-6.185142,106.729906,20,0.16703
3,"2025-03-03 15:06:00",-6.183255,106.729453,25.9,0.21576
3,"2025-03-03 15:06:30",-6.181479,106.729027,24.4,0.20296
3,"2025-03-03 15:07:00",-6.179786,106.728621,23.2,0.19352
3,"2025-03-03 15:07:30",-6.178125,106.728272,22.7,0.18901
3,"2025-03-03 15:08:00",-6.176334,106.728105,24,0.2
3,"2025-03-03 15:08:30",-6.174337,106.727919,26.8,0.22303
3,"2025-03-03 15:09:00",-6.172402,106.727739,25.9,0.21605
3,"2025-03-03 15:09:30",-6.170575,106.727569,24.5,0.20407
3,"2025-03-03 15:10:00",-6.169142,106.727435,19.2,0.16
3,"2025-03-03 15:10:30",-6.167506,106.727283,21.9,0.18264
3,"2025-03-03 15:11:00",-6.166015,106.727144,20,0.16653
3,"2025-03-03 15:11:30",-6.164097,106.727094,25.6,0.21337
3,"2025-03-03 15:12:00",-6.162451,106.727053,22,0.1831
3,"2025-03-03 15:12:30",-6.160666,106.727009,23.8,0.19855
3,"2025-03-03 15:13:00",-6.158792,106.726962,25,0.20844
3,"2025-03-03 15:13:30",-6.156894,106.727083,25.4,0.21179
3,"2025-03-03 15:14:00",-6.154902,106.727288,26.7,0.22273
3,"2025-03-03 15:14:30",-6.152867,106.727281,27.1,0.2262
3,"2025-03-03 15:15:00",-6.151,106.727274,24.9,0.20762
3,"2025-03-03 15:15:30",-6.149141,106.727608,25.3,0.21057
3,"2025-03-03 15:16:00",-6.147225,106.728011,26.1,0.21764
3,"2025-03-03 15:16:30",-6.145572,106.728359,22.5,0.18774
3,"2025-03-03 15:17:00",-6.143743,106.728744,24.9,0.20788
3,"2025-03-03 15:17:30",-6.141911,106.729129,25,0.20806
3,"2025-03-03 15:18:00",-6.139966,106.729539,26.5,0.22097
3,"2025-03-03 15:18:30",-6.138413,106.729709,20.9,0.17423
3,"2025-03-03 15:19:00",-6.136393,106.729798,27,0.22487
3,"2025-03-03 15:19:30",-6.134745,106.72987,22,0.18338
3,"2025-03-03 15:20:00",-6.133246,106.729936,20,0.16687
3,"2025-03-03 15:20:30",-6.131355,106.729896,25.2,0.21041
3,"2025-03-03 15:21:00",-6.129619,106.729825,23.2,0.19327
3,"2025-03-03 15:21:30",-6.12809,106.729764,20.4,0.1701
3,"2025-03-03 15:22:00",-6.126445,106.729773,22,0.18323
3,"2025-03-03 15:22:30",-6.124807,106.729907,21.9,0.18278
3,"2025-03-03 15:23:00",-6.123415,106.730348,19.5,0.1628
3,"2025-03-03 15:23:30",-6.12202,106.731022,20.7,0.17249
3,"2025-03-03 15:24:00",-6.120605,106.731782,21.4,0.17839
3,"2025-03-03 15:24:30",-6.118842,106.732714,26.6,0.22186
3,"2025-03-03 15:25:00",-6.117328,106.732653,20.2,0.16846
3,"2025-03-03 15:25:30",-6.116058,106.733356,21.1,0.17601
3,"2025-03-03 15:26:00",-6.116268,106.734622,20.3,0.16916
3,"2025-03-03 15:26:30",-6.117701,106.735963,26.2,0.218
3,"2025-03-03 15:27:00",-6.118937,106.737522,26.6,0.22137
3,"2025-03-03 15:27:30",-6.119618,106.739128,23.2,0.19307
3,"2025-03-03 15:28:00",-6.12039,106.740949,26.3,0.21882
3,"2025-03-03 15:28:30",-6.121175,106.7428,26.7,0.22249
3,"2025-03-03 15:29:00",-6.121885,106.744476,24.2,0.20145
3,"2025-03-03 15:29:30",-6.122158,106.746009,21,0.17492
3,"2025-03-03 15:30:00",-6.122221,106.747732,22.9,0.19062
3,"2025-03-03 15:30:30",-6.122296,106.749763,27,0.22469
3,"2025-03-03 15:31:00",-6.122365,106.751641,24.9,0.20779
3,"2025-03-03 15:31:30",-6.122432,106.753482,24.4,0.2037
3,"2025-03-03 15:32:00",-6.122502,106.755383,25.2,0.21036
3,"2025-03-03 15:32:30",-6.122572,106.757285,25.2,0.2104
3,"2025-03-03 15:33:00",-6.122618,106.759075,23.8,0.19804
3,"2025-03-03 15:33:30",-6.12249,106.760564,19.8,0.16527
3,"2025-03-03 15:34:00",-6.122331,106.762422,24.7,0.20617
3,"2025-03-03 15:34:30",-6.122168,106.764311,25.2,0.2097
3,"2025-03-03 15:35:00",-6.122024,106.765989,22.3,0.18619
3,"2025-03-03 15:35:30",-6.121741,106.767934,26.1,0.21749
3,"2025-03-03 15:36:00",-6.121495,106.76971,23.9,0.19893
3,"2025-03-03 15:36:30",-6.12157,106.771681,26.2,0.21805
3,"2025-03-03 15:37:00",-6.121636,106.773414,23,0.1917
3,"2025-03-03 15:37:30",-6.122232,106.774962,22.5,0.18783
3,"2025-03-03 15:38:00",-6.123448,106.77591,21.1,0.17551
3,"2025-03-03 15:38:30",-6.124855,106.776749,21.8,0.18181
3,"2025-03-03 15:39:00",-6.126268,106.777678,22.6,0.1885
3,"2025-03-03 15:39:30",-6.127433,106.778782,21.4,0.17803
3,"2025-03-03 15:40:00",-6.128669,106.779953,22.7,0.18879
3,"2025-03-03 15:40:30",-6.129689,106.781227,21.7,0.18101
3,"2025-03-03 15:41:00",-6.13049,106.782659,22,0.18345
3,"2025-03-03 15:41:30",-6.131051,106.784054,20,0.16634
3,"2025-03-03 15:42:00",-6.131473,106.785729,23.1,0.19245
3,"2025-03-03 15:42:30",-6.131686,106.787236,20.2,0.16829
3,"2025-03-03 15:43:00",-6.131925,106.788922,22.6,0.18832
3,"2025-03-03 15:43:30",-6.132147,106.790496,21.1,0.17575
3,"2025-03-03 15:44:00",-6.132385,106.792182,22.6,0.18831
3,"2025-03-03 15:44:30",-6.132316,106.793949,23.5,0.19552
3,"2025-03-03 15:45:00",-6.13224,106.795842,25.1,0.20946
3,"2025-03-03 15:45:30",-6.132176,106.797438,21.2,0.1766
3,"2025-03-03 15:46:00",-6.132109,106.799112,22.2,0.18525
3,"2025-03-03 15:46:30",-6.132038,106.800876,23.4,0.19513
3,"2025-03-03 15:47:00",-6.131925,106.802619,23.2,0.19335
3,"2025-03-03 15:47:30",-6.131653,106.804321,22.9,0.1906
3,"2025-03-03 15:48:00",-6.131389,106.805886,21.1,0.1755
3,"2025-03-03 15:48:30",-6.131026,106.807328,19.7,0.16449
3,"2025-03-03 15:49:00",-6.130611,106.808975,22.5,0.18783
3,"2025-03-03 15:49:30",-6.130229,106.810492,20.8,0.17299
3,"2025-03-03 15:50:00",-6.129833,106.812067,21.6,0.17964
3,"2025-03-03 15:50:30",-6.129574,106.813814,23.5,0.19611
3,"2025-03-03 15:51:00",-6.129844,106.815562,23.7,0.19786
3,"2025-03-03 15:51:30",-6.130735,106.81719,24.8,0.20639
3,"2025-03-03 15:52:00",-6.131456,106.818484,19.7,0.16454
3,"2025-03-03 15:52:30",-6.13177,106.820148,22.8,0.19036
3,"2025-03-03 15:53:00",-6.131499,106.82172,21.2,0.17633
3,"2025-03-03 15:53:30",-6.131214,106.823376,22.3,0.18589
3,"2025-03-03 15:54:00",-6.131214,106.823376,0,0
3,"2025-03-03 15:54:30",-6.131214,106.823376,0,0
3,"2025-03-03 15:55:00",-6.130911,106.825136,23.7,0.19745
3,"2025-03-03 15:55:30",-6.13057,106.827114,26.6,0.22192
3,"2025-03-03 15:56:00",-6.130366,106.828772,22.2,0.18493
3,"2025-03-03 15:56:30",-6.130215,106.830664,25.2,0.20984
3,"2025-03-03 15:57:00",-6.130093,106.832168,20,0.16685
3,"2025-03-03 15:57:30",-6.129757,106.834039,25.2,0.21016
3,"2025-03-03 15:58:00",-6.129482,106.835569,20.6,0.17194
3,"2025-03-03 15:58:30",-6.129157,106.837383,24.4,0.20374
3,"2025-03-03 15:59:00",-6.12889,106.838872,20.1,0.16733
3,"2025-03-03 15:59:30",-6.128441,106.840691,24.9,0.20743
3,"2025-03-03 16:00:00",-6.128098,106.841874,16.3,0.13624
3,"2025-03-03 16:00:30",-6.127665,106.843369,20.7,0.17215
3,"2025-03-03 16:01:00",-6.127315,106.844951,21.5,0.17924
3,"2025-03-03 16:01:30",-6.126968,106.846526,21.4,0.17831
3,"2025-03-03 16:02:00",-6.126679,106.847833,17.8,0.14804
3,"2025-03-03 16:02:30",-6.126368,106.849242,19.1,0.15956
3,"2025-03-03 16:03:00",-6.125956,106.850783,21.2,0.17659
3,"2025-03-03 16:03:30",-6.125578,106.852044,17.5,0.1456
3,"2025-03-03 16:04:00",-6.125001,106.853462,20.4,0.16965
3,"2025-03-03 16:04:30",-6.124367,106.85488,20.6,0.17194
3,"2025-03-03 16:05:00",-6.123773,106.856209,19.3,0.16112
3,"2025-03-03 16:05:30",-6.123171,106.857555,19.6,0.16306
3,"2025-03-03 16:06:00",-6.122687,106.858639,15.8,0.13147
3,"2025-03-03 16:06:30",-6.122348,106.859843,16.7,0.13882
3,"2025-03-03 16:07:00",-6.122044,106.86116,18,0.14959
3,"2025-03-03 16:07:30",-6.122362,106.862749,21.5,0.17914
3,"2025-03-03 16:08:00",-6.122617,106.864024,17.3,0.14378
3,"2025-03-03 16:08:30",-6.122876,106.865321,17.6,0.14629
3,"2025-03-03 16:09:00",-6.123153,106.866707,18.8,0.15626
3,"2025-03-03 16:09:30",-6.123391,106.867897,16.1,0.13425
3,"2025-03-03 16:10:00",-6.123638,106.869131,16.7,0.13917
3,"2025-03-03 16:10:30",-6.123904,106.870466,18.1,0.15048
3,"2025-03-03 16:11:00",-6.124187,106.871881,19.2,0.15964
3,"2025-03-03 16:11:30",-6.124427,106.873079,16.2,0.13509
3,"2025-03-03 16:12:00",-6.124732,106.874607,20.7,0.17232
3,"2025-03-03 16:12:30",-6.124967,106.87578,15.9,0.13226
3,"2025-03-03 16:13:00",-6.125221,106.877053,17.2,0.14352
3,"2025-03-03 16:13:30",-6.125461,106.878252,16.2,0.13526
3,"2025-03-03 16:14:00",-6.125707,106.879481,16.6,0.13864
3,"2025-03-03 16:14:30",-6.126012,106.881009,20.7,0.17222
3,"2025-03-03 16:15:00",-6.126287,106.882384,18.6,0.15514
3,"2025-03-03 16:15:30",-6.126647,106.883549,16.2,0.13531
3,"2025-03-03 16:16:00",-6.127127,106.884774,17.5,0.14561
3,"2025-03-03 16:16:30",-6.127679,106.886181,20.1,0.16719
3,"2025-03-03 16:17:00",-6.128408,106.887358,18.4,0.15358
3,"2025-03-03 16:17:30",-6.129153,106.888517,18.3,0.15255
3,"2025-03-03 16:18:00",-6.129792,106.889512,15.7,0.131
3,"2025-03-03 16:18:30",-6.130491,106.890598,17.2,0.14306
3,"2025-03-03 16:19:00",-6.131045,106.891787,17.7,0.14742
3,"2025-03-03 16:19:30",-6.131022,106.892877,16.1,0.13401
3,"2025-03-03 16:20:00",-6.129784,106.893473,18.9,0.15762
3,"2025-03-03 16:20:30",-6.128596,106.893519,16,0.133
3,"2025-03-03 16:21:00",-6.127026,106.893453,21,0.17472
3,"2025-03-03 16:21:30",-6.125731,106.893398,17.3,0.14417
3,"2025-03-03 16:22:00",-6.124225,106.893335,20.1,0.16755
3,"2025-03-03 16:22:30",-6.123053,106.893285,15.7,0.13043
3,"2025-03-03 16:23:00",-6.121535,106.893221,20.3,0.16895
3,"2025-03-03 16:23:30",-6.119996,106.893156,20.6,0.17133
3,"2025-03-03 16:24:00",-6.118468,106.893092,20.4,0.16999
3,"2025-03-03 16:24:30",-6.11721,106.893038,16.8,0.14
3,"2025-03-03 16:25:00",-6.117418,106.893353,15.9,0.13249
3,"2025-03-03 16:25:30",-6.118976,106.893459,20.8,0.17357
3,"2025-03-03 16:26:00",-6.120341,106.893551,18.3,0.15216
3,"2025-03-03 16:26:30",-6.121605,106.893637,16.9,0.14085
3,"2025-03-03 16:27:00",-6.12293,106.893727,17.7,0.14765
3,"2025-03-03 16:27:30",-6.122917,106.893887,18.6,0.15463
4,"2025-03-03 18:52:00",-6.122823,106.89372,18,0.14984
4,"2025-03-03 18:52:30",-6.12167,106.893642,15.4,0.12853
4,"2025-03-03 18:53:00",-6.120289,106.893548,18.5,0.15386
4,"2025-03-03 18:53:30",-6.118985,106.893459,17.4,0.14537
4,"2025-03-03 18:54:00",-6.117643,106.893368,17.9,0.14953
4,"2025-03-03 18:54:30",-6.116839,106.893023,13.9,0.11623
4,"2025-03-03 18:55:00",-6.118,106.893072,15.5,0.12918
4,"2025-03-03 18:55:30",-6.119392,106.893131,18.6,0.15494
4,"2025-03-03 18:56:00",-6.12063,106.893183,16.5,0.13777
4,"2025-03-03 18:56:30",-6.121804,106.893232,15.7,0.13071
4,"2025-03-03 18:57:00",-6.122861,106.893277,14.1,0.11757
4,"2025-03-03 18:57:30",-6.124038,106.893327,15.7,0.13107
4,"2025-03-03 18:58:00",-6.12509,106.893371,14,0.11703
4,"2025-03-03 18:58:30",-6.126161,106.893417,14.3,0.11917
4,"2025-03-03 18:59:00",-6.127512,106.893474,18.1,0.15044
4,"2025-03-03 18:59:30",-6.128855,106.89353,17.9,0.14941
4,"2025-03-03 19:00:00",-6.130694,106.893152,25.7,0.21431
4,"2025-03-03 19:00:30",-6.130694,106.893152,0,0
4,"2025-03-03 19:01:00",-6.130694,106.893152,0,0
4,"2025-03-03 19:01:30",-6.13099,106.891526,25.3,0.21096
4,"2025-03-03 19:02:00",-6.130136,106.890047,22.9,0.19059
4,"2025-03-03 19:02:30",-6.129258,106.888681,21.6,0.1798
4,"2025-03-03 19:03:00",-6.128268,106.887141,24.3,0.20268
4,"2025-03-03 19:03:30",-6.127398,106.885463,25.2,0.21032
4,"2025-03-03 19:04:00",-6.126698,106.883679,25.5,0.2121
4,"2025-03-03 19:04:30",-6.126249,106.882192,20.7,0.17241
4,"2025-03-03 19:05:00",-6.125932,106.880606,21.5,0.17884
4,"2025-03-03 19:05:30",-6.125639,106.879142,19.8,0.16512
4,"2025-03-03 19:06:00",-6.125302,106.877458,22.8,0.18996
4,"2025-03-03 19:06:30",-6.124974,106.875816,22.2,0.1852
4,"2025-03-03 19:07:00",-6.124655,106.874222,21.6,0.17972
4,"2025-03-03 19:07:30",-6.1243,106.872445,24,0.20037
4,"2025-03-03 19:08:00",-6.12398,106.870841,21.7,0.1809
4,"2025-03-03 19:08:30",-6.123609,106.868986,25.1,0.20919
4,"2025-03-03 19:09:00",-6.123243,106.867157,24.8,0.20626
4,"2025-03-03 19:09:30",-6.122913,106.865507,22.3,0.18608
4,"2025-03-03 19:10:00",-6.122564,106.863762,23.6,0.19682
4,"2025-03-03 19:10:30",-6.122564,106.863762,0,0
4,"2025-03-03 19:11:00",-6.122564,106.863762,0,0
4,"2025-03-03 19:11:30",-6.122564,106.863762,0,0
4,"2025-03-03 19:12:00",-6.122564,106.863762,0,0
4,"2025-03-03 19:12:30",-6.122564,106.863762,0,0
4,"2025-03-03 19:13:00",-6.122564,106.863762,0,0
4,"2025-03-03 19:13:30",-6.122564,106.863762,0,0
4,"2025-03-03 19:14:00",-6.122564,106.863762,0,0
4,"2025-03-03 19:14:30",-6.122564,106.863762,0,0
4,"2025-03-03 19:15:00",-6.122564,106.863762,0,0
4,"2025-03-03 19:15:30",-6.1222,106.86194,24.7,0.2055
4,"2025-03-03 19:16:00",-6.122272,106.860167,24.1,0.20074
4,"2025-03-03 19:16:30",-6.122781,106.858428,24.1,0.2011
4,"2025-03-03 19:17:00",-6.123569,106.856665,25.6,0.21367
4,"2025-03-03 19:17:30",-6.124277,106.855081,23.1,0.19213
4,"2025-03-03 19:18:00",-6.125014,106.853433,24,0.19974
4,"2025-03-03 19:18:30",-6.12563,106.851871,22.3,0.18609
4,"2025-03-03 19:19:00",-6.12617,106.850069,25,0.20807
4,"2025-03-03 19:19:30",-6.126578,106.848292,24.2,0.20169
4,"2025-03-03 19:20:00",-6.12693,106.846694,21.7,0.18104
4,"2025-03-03 19:20:30",-6.12734,106.844839,25.2,0.21009
4,"2025-03-03 19:21:00",-6.127671,106.843349,20.3,0.16876
4,"2025-03-03 19:21:30",-6.128224,106.841441,26.4,0.21971
4,"2025-03-03 19:22:00",-6.128648,106.839976,20.3,0.16878
4,"2025-03-03 19:22:30",-6.128954,106.838516,19.8,0.16507
4,"2025-03-03 19:23:00",-6.129307,106.836548,26.5,0.22112
4,"2025-03-03 19:23:30",-6.129602,106.834904,22.2,0.18465
4,"2025-03-03 19:24:00",-6.129899,106.833248,22.3,0.18603
4,"2025-03-03 19:24:30",-6.130142,106.831586,22.3,0.186
4,"2025-03-03 19:25:00",-6.130274,106.829919,22.2,0.1848
4,"2025-03-03 19:25:30",-6.130407,106.828254,22.2,0.18475
4,"2025-03-03 19:26:00",-6.130645,106.826677,21.2,0.17646
4,"2025-03-03 19:26:30",-6.130911,106.825136,20.8,0.17296
4,"2025-03-03 19:27:00",-6.131241,106.82322,25.8,0.21497
4,"2025-03-03 19:27:30",-6.131549,106.82143,24.1,0.20079
4,"2025-03-03 19:28:00",-6.131738,106.819476,26.4,0.22017
4,"2025-03-03 19:28:30",-6.131265,106.81808,19.7,0.1639
4,"2025-03-03 19:29:00",-6.130391,106.816612,22.7,0.18922
4,"2025-03-03 19:29:30",-6.129696,106.815003,23.5,0.19576
4,"2025-03-03 19:30:00",-6.129623,106.813038,26.4,0.21991
4,"2025-03-03 19:30:30",-6.130075,106.811104,26.4,0.21991
4,"2025-03-03 19:31:00",-6.130541,106.809254,25.3,0.21107
4,"2025-03-03 19:31:30",-6.131016,106.807366,25.8,0.21527
4,"2025-03-03 19:32:00",-6.131374,106.805944,19.5,0.1622
4,"2025-03-03 19:32:30",-6.131374,106.805944,0,0
4,"2025-03-03 19:33:00",-6.131374,106.805944,0,0
4,"2025-03-03 19:33:30",-6.131374,106.805944,0,0
4,"2025-03-03 19:34:00",-6.131374,106.805944,0,0
4,"2025-03-03 19:34:30",-6.131374,106.805944,0,0
4,"2025-03-03 19:35:00",-6.131374,106.805944,0,0
4,"2025-03-03 19:35:30",-6.131643,106.804378,21.1,0.17574
4,"2025-03-03 19:36:00",-6.131945,106.802494,25.3,0.211
4,"2025-03-03 19:36:30",-6.132039,106.80085,21.9,0.18225
4,"2025-03-03 19:37:00",-6.132114,106.798986,24.8,0.20628
4,"2025-03-03 19:37:30",-6.13219,106.797098,25.1,0.20888
4,"2025-03-03 19:38:00",-6.132257,106.795416,22.3,0.18614
4,"2025-03-03 19:38:30",-6.132318,106.793921,19.8,0.16539
4,"2025-03-03 19:39:00",-6.132379,106.792402,20.2,0.1681
4,"2025-03-03 19:39:30",-6.132206,106.790916,19.9,0.16572
4,"2025-03-03 19:40:00",-6.131971,106.789251,22.3,0.18594
4,"2025-03-03 19:40:30",-6.131715,106.78744,24.3,0.20221
4,"2025-03-03 19:41:00",-6.131461,106.785643,24.1,0.20067
4,"2025-03-03 19:41:30",-6.130974,106.783863,24.7,0.20565
4,"2025-03-03 19:42:00",-6.130304,106.782195,23.9,0.19884
4,"2025-03-03 19:42:30",-6.129442,106.780908,20.7,0.17285
4,"2025-03-03 19:43:00",-6.128354,106.779655,22.1,0.18441
4,"2025-03-03 19:43:30",-6.12688,106.778258,27,0.22518
4,"2025-03-03 19:44:00",-6.125341,106.777039,26.3,0.21913
4,"2025-03-03 19:44:30",-6.124042,106.776264,20.1,0.16789
4,"2025-03-03 19:45:00",-6.122391,106.775253,25.9,0.21565
4,"2025-03-03 19:45:30",-6.121649,106.773747,22.5,0.18766
4,"2025-03-03 19:46:00",-6.121576,106.771834,25.4,0.21161
4,"2025-03-03 19:46:30",-6.121514,106.770229,21.3,0.1776
4,"2025-03-03 19:47:00",-6.121638,106.76852,22.9,0.19047
4,"2025-03-03 19:47:30",-6.121947,106.766763,23.7,0.19728
4,"2025-03-03 19:48:00",-6.122107,106.765023,23.2,0.19328
4,"2025-03-03 19:48:30",-6.122233,106.763555,19.5,0.16291
4,"2025-03-03 19:49:00",-6.122405,106.761552,26.7,0.22224
4,"2025-03-03 19:49:30",-6.12253,106.760103,19.3,0.16087
4,"2025-03-03 19:50:00",-6.122602,106.758098,26.7,0.22217
4,"2025-03-03 19:50:30",-6.122533,106.75622,24.9,0.20783
4,"2025-03-03 19:51:00",-6.122472,106.754555,22.1,0.18414
4,"2025-03-03 19:51:30",-6.122412,106.752919,21.7,0.18109
4,"2025-03-03 19:52:00",-6.122342,106.751021,25.2,0.20997
4,"2025-03-03 19:52:30",-6.122278,106.749268,23.3,0.19394
4,"2025-03-03 19:53:00",-6.122209,106.747405,24.7,0.20613
4,"2025-03-03 19:53:30",-6.122142,106.745582,24.2,0.20167
4,"2025-03-03 19:54:00",-6.121554,106.743696,26.6,0.22141
4,"2025-03-03 19:54:30",-6.120948,106.742266,20.6,0.17191
4,"2025-03-03 19:55:00",-6.120323,106.740792,21.3,0.17711
4,"2025-03-03 19:55:30",-6.119703,106.739327,21.1,0.17606
4,"2025-03-03 19:56:00",-6.119032,106.737746,22.8,0.19007
4,"2025-03-03 19:56:30",-6.117995,106.736311,23.7,0.19781
4,"2025-03-03 19:57:00",-6.11687,106.735153,21.5,0.17942
4,"2025-03-03 19:57:30",-6.115921,106.733778,25.1,0.20905
4,"2025-03-03 19:58:00",-6.116833,106.732778,20.1,0.16772
4,"2025-03-03 19:58:30",-6.118254,106.73269,19.3,0.16056
4,"2025-03-03 19:59:00",-6.119868,106.732178,23.3,0.19431
4,"2025-03-03 19:59:30",-6.121356,106.731379,22.5,0.18752
4,"2025-03-03 20:00:00",-6.123343,106.730374,29.7,0.24772
4,"2025-03-03 20:00:30",-6.125682,106.729835,32.3,0.26895
4,"2025-03-03 20:01:00",-6.128084,106.729763,32.1,0.26769
4,"2025-03-03 20:01:30",-6.130517,106.729862,32.5,0.27084
4,"2025-03-03 20:02:00",-6.133235,106.729937,36.3,0.30242
4,"2025-03-03 20:02:30",-6.135378,106.729843,28.6,0.23855
4,"2025-03-03 20:03:00",-6.137599,106.729745,29.7,0.24719
4,"2025-03-03 20:03:30",-6.139669,106.729601,27.7,0.23109
4,"2025-03-03 20:04:00",-6.141665,106.729181,27.2,0.2268
4,"2025-03-03 20:04:30",-6.144086,106.728672,33,0.27496
4,"2025-03-03 20:05:00",-6.14646,106.728172,32.4,0.2697
4,"2025-03-03 20:05:30",-6.148402,106.727763,26.5,0.22061
4,"2025-03-03 20:06:00",-6.15088,106.727274,33.7,0.28122
4,"2025-03-03 20:06:30",-6.153097,106.727282,29.6,0.24645
4,"2025-03-03 20:07:00",-6.155627,106.727213,33.8,0.2818
4,"2025-03-03 20:07:30",-6.157559,106.727015,25.9,0.21592
4,"2025-03-03 20:08:00",-6.160278,106.726999,36.3,0.30285
4,"2025-03-03 20:08:30",-6.162845,106.727063,34.3,0.28547
4,"2025-03-03 20:09:00",-6.1655,106.727128,35.4,0.2953
4,"2025-03-03 20:09:30",-6.167803,106.727311,30.8,0.25697
4,"2025-03-03 20:10:00",-6.16994,106.72751,28.6,0.23869
4,"2025-03-03 20:10:30",-6.172084,106.727709,28.7,0.23939
4,"2025-03-03 20:11:00",-6.174138,106.7279,27.5,0.22935
4,"2025-03-03 20:11:30",-6.176305,106.728102,29,0.24203
4,"2025-03-03 20:12:00",-6.178501,106.728312,29.4,0.24528
4,"2025-03-03 20:12:30",-6.180735,106.728848,30.7,0.25542
4,"2025-03-03 20:13:00",-6.182831,106.729351,28.8,0.23964
4,"2025-03-03 20:13:30",-6.185245,106.72993,33.1,0.27588
4,"2025-03-03 20:14:00",-6.187515,106.730268,30.6,0.25526
4,"2025-03-03 20:14:30",-6.189673,106.729901,31,0.25826
4,"2025-03-03 20:15:00",-6.190824,106.727893,32.7,0.27257
4,"2025-03-03 20:15:30",-6.190556,106.725468,32.5,0.27052
4,"2025-03-03 20:16:00",-6.190779,106.722861,34.9,0.29063
4,"2025-03-03 20:16:30",-6.191333,106.720905,27,0.22485
4,"2025-03-03 20:17:00",-6.192193,106.719053,27.1,0.22611
4,"2025-03-03 20:17:30",-6.193154,106.71735,26.1,0.21763
4,"2025-03-03 20:18:00",-6.194833,106.715193,36.3,0.30277
4,"2025-03-03 20:18:30",-6.196312,106.713292,32,0.26684
4,"2025-03-03 20:19:00",-6.197741,106.711455,30.9,0.25791
4,"2025-03-03 20:19:30",-6.199065,106.709754,28.7,0.23875
4,"2025-03-03 20:20:00",-6.20056,106.707831,32.4,0.26984
4,"2025-03-03 20:20:30",-6.202171,106.705761,34.9,0.29064
4,"2025-03-03 20:21:00",-6.203622,106.703897,31.4,0.26169
4,"2025-03-03 20:21:30",-6.205302,106.701738,36.4,0.30306
4,"2025-03-03 20:22:00",-6.206508,106.700187,26.1,0.2177
4,"2025-03-03 20:22:30",-6.207677,106.698685,30.6,0.25524
